x, y,th,
0.481515646,3.338465691,-0.997986576,1.75952E+18
0.481515646,3.338465691,-0.99798646,1.75952E+18
0.481515646,3.338465691,-0.99798646,1.75952E+18
0.481515646,3.338465691,-0.99798646,1.75952E+18
0.481515646,3.338465691,-0.99798646,1.75952E+18
0.481515646,3.338465691,-0.99798646,1.75952E+18
0.480806023,3.339155674,-1.004165732,1.75952E+18
0.477380455,3.341096401,-1.017046624,1.75952E+18
0.47269091,3.344223022,-1.033295307,1.75952E+18
0.466474086,3.347660542,-1.053745027,1.75952E+18
0.458915174,3.351915598,-1.081411502,1.75952E+18
0.451595485,3.355956554,-1.106038924,1.75952E+18
0.441190332,3.360809088,-1.140623922,1.75952E+18
0.429353267,3.366290808,-1.18046338,1.75952E+18
0.412814438,3.37295866,-1.238178728,1.75952E+18
0.396857768,3.37845993,-1.284157652,1.75952E+18
0.3805646,3.383234501,-1.33266752,1.75952E+18
0.364282131,3.387217522,-1.382332709,1.75952E+18
0.347531021,3.390400887,-1.433636112,1.75952E+18
0.333994567,3.392170429,-1.473112022,1.75952E+18
0.317442149,3.393760204,-1.523090285,1.75952E+18
0.300437421,3.394631147,-1.572468507,1.75952E+18
0.280252635,3.394498587,-1.632293449,1.75952E+18
0.263708144,3.393292665,-1.680215119,1.75952E+18
0.246931762,3.391493797,-1.72919132,1.75952E+18
0.230119124,3.388789415,-1.778436642,1.75952E+18
0.213489234,3.385367393,-1.827942863,1.75952E+18
0.200393736,3.381942034,-1.866589828,1.75952E+18
0.184222355,3.377039194,-1.914131424,1.75952E+18
0.161714941,3.368699551,-1.981809094,1.75952E+18
0.149484247,3.363288641,-2.018941615,1.75952E+18
0.134531751,3.356009483,-2.06593422,1.75952E+18
0.119670026,3.347817421,-2.112899367,1.75952E+18
0.105321139,3.339151621,-2.160758348,1.75952E+18
0.091085739,3.329737902,-2.210919753,1.75952E+18
0.080166526,3.321745157,-2.249604627,1.75952E+18
0.062079679,3.306618214,-2.316029548,1.75952E+18
0.054417375,3.299627542,-2.34539114,1.75952E+18
0.039874289,3.285436392,-2.402493364,1.75952E+18
0.028652735,3.273054838,-2.448559662,1.75952E+18
0.017834526,3.259811401,-2.496019399,1.75952E+18
0.007632758,3.246361971,-2.543269096,1.75952E+18
-0.002093848,3.232030153,-2.590966208,1.75952E+18
-0.009089189,3.220677614,-2.628065914,1.75952E+18
-0.017611368,3.20589304,-2.674963515,1.75952E+18
-0.028121613,3.184375763,-2.741466349,1.75952E+18
-0.033587322,3.171710968,-2.780008071,1.75952E+18
-0.039528001,3.155606031,-2.826382225,1.75952E+18
-0.044869941,3.139093637,-2.87286459,1.75952E+18
-0.049267743,3.122872114,-2.91728741,1.75952E+18
-0.053104859,3.106064081,-2.965510577,1.75952E+18
-0.055655375,3.092477083,-3.003336151,1.75952E+18
-0.058457341,3.068925619,-3.067310466,1.75952E+18
-0.05973693,3.051662445,-3.114084082,1.75952E+18
-0.060129195,3.038072586,3.132393256,1.75952E+18
-0.059815641,3.020698309,3.086317401,1.75952E+18
-0.058720455,3.003660679,3.040172531,1.75952E+18
-0.056848209,2.986559868,2.994501125,1.75952E+18
-0.054277129,2.969425201,2.946715369,1.75952E+18
-0.051832959,2.956153393,2.909770159,1.75952E+18
-0.047618359,2.939479589,2.867140455,1.75952E+18
-0.040828791,2.916277885,2.802057715,1.75952E+18
-0.036390606,2.903204918,2.764029151,1.75952E+18
-0.029923098,2.887310266,2.719817172,1.75952E+18
-0.022818528,2.871814489,2.675528369,1.75952E+18
-0.015066134,2.856669426,2.629898193,1.75952E+18
-0.006420258,2.841290951,2.584195741,1.75952E+18
0.000865646,2.829384804,2.546961965,1.75952E+18
0.010752769,2.815437555,2.503003931,1.75952E+18
0.021092493,2.80142355,2.45662684,1.75952E+18
0.034517892,2.78520155,2.402463686,1.75952E+18
0.046111032,2.772831917,2.358255971,1.75952E+18
0.058389463,2.760391474,2.311492993,1.75952E+18
0.07140208,2.748924732,2.267749854,1.75952E+18
0.084562734,2.737671375,2.221809321,1.75952E+18
0.095678255,2.729280949,2.186049822,1.75952E+18
0.115716405,2.715716124,2.12284043,1.75952E+18
0.123419084,2.710954666,2.099810994,1.75952E+18
0.143721431,2.699361563,2.038193496,1.75952E+18
0.158420041,2.691982269,1.997164324,1.75952E+18
0.174101844,2.684926033,1.953606847,1.75952E+18
0.190262303,2.678525448,1.910453826,1.75952E+18
0.206814617,2.672668695,1.865792275,1.75952E+18
0.220028877,2.668664694,1.830394057,1.75952E+18
0.236995205,2.664243698,1.786788001,1.75952E+18
0.25426662,2.660644531,1.742904915,1.75952E+18
0.274871618,2.657317638,1.69043736,1.75952E+18
0.292190313,2.655339718,1.647086609,1.75952E+18
0.310055494,2.654310465,1.605504366,1.75952E+18
0.327436656,2.653704405,1.559975279,1.75952E+18
0.3448973,2.653958082,1.515114357,1.75952E+18
0.358994633,2.654801369,1.479936115,1.75952E+18
0.375979424,2.656522989,1.438724261,1.75952E+18
0.392174453,2.658619165,1.39682084,1.75952E+18
0.415459931,2.663223982,1.338441253,1.75952E+18
0.43248409,2.667243481,1.295324336,1.75952E+18
0.446480453,2.671296358,1.259711639,1.75952E+18
0.462514132,2.676625252,1.218921497,1.75952E+18
0.478999883,2.682760715,1.175700621,1.75952E+18
0.494820595,2.689489841,1.13455652,1.75952E+18
0.510753155,2.697032452,1.092839442,1.75952E+18
0.529638112,2.707143307,1.041820568,1.75952E+18
0.54459399,2.716103554,1.00093133,1.75952E+18
0.557684898,2.724555969,0.962548217,1.75952E+18
0.572239935,2.734661341,0.920020957,1.75952E+18
0.58624357,2.745509386,0.876687188,1.75952E+18
0.598264635,2.755820513,0.838966878,1.75952E+18
0.611259222,2.767570496,0.795073298,1.75952E+18
0.626227438,2.782747984,0.744607513,1.75952E+18
0.638078153,2.795794964,0.703019098,1.75952E+18
0.649300158,2.809245825,0.662233827,1.75952E+18
0.660110056,2.823459864,0.620181532,1.75952E+18
0.668157756,2.834866285,0.586767573,1.75952E+18
0.677839637,2.849455833,0.544493718,1.75952E+18
0.686541736,2.864390135,0.504292695,1.75952E+18
0.694765508,2.879781485,0.463326828,1.75952E+18
0.704125762,2.898983479,0.411992785,1.75952E+18
0.708389163,2.908926249,0.387765178,1.75952E+18
0.71732229,2.931716204,0.332194092,1.75952E+18
0.72281146,2.948437214,0.292259518,1.75952E+18
0.726782501,2.961817026,0.259806957,1.75952E+18
0.731301308,2.979015827,0.217315437,1.75952E+18
0.735434771,2.997986794,0.17112629,1.75952E+18
0.737701058,3.011928797,0.140285939,1.75952E+18
0.739975572,3.02929306,0.098721434,1.75952E+18
0.7417171,3.046787739,0.056076461,1.75952E+18
0.742506623,3.068209887,0.005917929,1.75952E+18
0.742502928,3.086190701,-0.035353314,1.75952E+18
0.7417714,3.103914738,-0.076084486,1.75952E+18
0.74018693,3.121431589,-0.116469928,1.75952E+18
0.737998128,3.138994932,-0.156396034,1.75952E+18
0.735703826,3.153136492,-0.189497275,1.75952E+18
0.730620861,3.177456141,-0.24710773,1.75952E+18
0.726347566,3.19477582,-0.288717397,1.75952E+18
0.722051322,3.208394766,-0.319790247,1.75952E+18
0.716420293,3.225116968,-0.359313954,1.75952E+18
0.709892213,3.241864204,-0.398675838,1.75952E+18
0.702611923,3.25831151,-0.438108213,1.75952E+18
0.695917726,3.272644997,-0.474387379,1.75952E+18
0.688373566,3.286976814,-0.510295571,1.75952E+18
0.679661155,3.302271128,-0.549789029,1.75952E+18
0.670331657,3.317281485,-0.589626293,1.75952E+18
0.658248723,3.334725618,-0.637602688,1.75952E+18
0.647462726,3.349070311,-0.677654363,1.75952E+18
0.636179209,3.363023996,-0.718222386,1.75952E+18
0.624405682,3.376149416,-0.75623921,1.75952E+18
0.61346072,3.387677908,-0.791946747,1.75952E+18
0.601896703,3.398844242,-0.826802793,1.75952E+18
0.588530064,3.411098719,-0.867404342,1.75952E+18
0.574827433,3.422415018,-0.90784247,1.75952E+18
0.557797194,3.435322046,-0.954915137,1.75952E+18
0.543221056,3.445348263,-0.994429816,1.75952E+18
0.528043091,3.455029488,-1.033885631,1.75952E+18
0.512316287,3.464152575,-1.072787839,1.75952E+18
0.497584909,3.471939802,-1.109326525,1.75952E+18
0.483424693,3.479141474,-1.144142101,1.75952E+18
0.466861099,3.486443281,-1.182452857,1.75952E+18
0.445033938,3.494946718,-1.233634857,1.75952E+18
0.430190712,3.500080347,-1.268051808,1.75952E+18
0.412841052,3.505202293,-1.307611153,1.75952E+18
0.395557433,3.509873152,-1.346774489,1.75952E+18
0.378252864,3.513687372,-1.384850421,1.75952E+18
0.362118453,3.516507864,-1.419685073,1.75952E+18
0.346597224,3.518934488,-1.453503273,1.75952E+18
0.328668416,3.52082324,-1.490760506,1.75952E+18
0.304940373,3.522710562,-1.542816324,1.75952E+18
0.289206862,3.523083687,-1.576081503,1.75952E+18
0.271410406,3.522762537,-1.613852727,1.75952E+18
0.25366962,3.521890879,-1.651618944,1.75952E+18
0.235334501,3.520370483,-1.69045302,1.75952E+18
0.219136298,3.518154383,-1.724242667,1.75952E+18
0.203433678,3.515734434,-1.758892751,1.75952E+18
0.185870826,3.512188911,-1.795860299,1.75952E+18
0.162841126,3.506507158,-1.845806127,1.75952E+18
0.147589713,3.502220631,-1.879711617,1.75952E+18
0.130561844,3.496417284,-1.917668839,1.75952E+18
0.11371351,3.490113497,-1.956156965,1.75952E+18
0.097030364,3.483246803,-1.995912125,1.75952E+18
0.082375951,3.476280689,-2.028622094,1.75952E+18
0.068308219,3.469325066,-2.061234918,1.75952E+18
0.052283965,3.460658789,-2.09881736,1.75952E+18
0.036835715,3.451235056,-2.135816588,1.75952E+18
0.018489046,3.439403296,-2.182317662,1.75952E+18
0.003967845,3.42898941,-2.218960488,1.75952E+18
-0.010375896,3.418021441,-2.255790021,1.75952E+18
-0.02446913,3.406456947,-2.294298808,1.75952E+18
-0.037060622,3.394888639,-2.329612178,1.75952E+18
-0.048239779,3.383994818,-2.362445835,1.75952E+18
-0.060937278,3.371388912,-2.399472015,1.75952E+18
-0.072902307,3.357960939,-2.435515879,1.75952E+18
-0.086792327,3.341391087,-2.480197476,1.75952E+18
-0.097843572,3.326915979,-2.516906827,1.75952E+18
-0.108256146,3.312134981,-2.55450885,1.75952E+18
-0.118187979,3.297089577,-2.592269376,1.75952E+18
-0.12673673,3.282725811,-2.625727554,1.75952E+18
-0.134297192,3.269183159,-2.658071918,1.75952E+18
-0.14282243,3.253128529,-2.694858482,1.75952E+18
-0.152926192,3.23119545,-2.74477559,1.75952E+18
-0.158923432,3.21667552,-2.775998677,1.75952E+18
-0.165350541,3.19973278,-2.811959111,1.75952E+18
-0.171005264,3.182668209,-2.846946792,1.75952E+18
-0.175959736,3.166308165,-2.880754581,1.75952E+18
-0.180447519,3.148724794,-2.916484413,1.75952E+18
-0.183885455,3.133687258,-2.948950281,1.75952E+18
-0.187375322,3.115601063,-2.985411162,1.75952E+18
-0.190612316,3.091854334,-3.033547785,1.75952E+18
-0.192310899,3.076291323,-3.065020465,1.75952E+18
-0.193495259,3.057930231,-3.101625168,1.75952E+18
-0.193980128,3.039563656,-3.136574507,1.75952E+18
-0.194080532,3.022735119,3.112562627,1.75952E+18
-0.193419009,3.004848719,3.076418092,1.75952E+18
-0.192205638,2.989223242,3.046307865,1.75952E+18
-0.190440476,2.970975161,3.009481698,1.75952E+18
-0.187813446,2.953166485,2.973600652,1.75952E+18
-0.184068263,2.931467056,2.930315548,1.75952E+18
-0.17997922,2.913841248,2.89599385,1.75952E+18
-0.175563157,2.89626956,2.861343808,1.75952E+18
-0.170551375,2.879137516,2.827872256,1.75952E+18
-0.164747909,2.861956596,2.792634423,1.75952E+18
-0.159728333,2.847659349,2.762517922,1.75952E+18
-0.152826503,2.830797434,2.727312936,1.75952E+18
-0.142581269,2.808516264,2.679820252,1.75952E+18
-0.135831013,2.795035124,2.650170608,1.75952E+18
-0.127029806,2.779029131,2.615002041,1.75952E+18
-0.117714226,2.763032913,2.579225623,1.75952E+18
-0.108146966,2.747983217,2.544904502,1.75952E+18
-0.097778276,2.733084202,2.510277168,1.75952E+18
-0.088947013,2.720741987,2.480346608,1.75952E+18
-0.077713296,2.706609011,2.445916211,1.75952E+18
-0.065851107,2.692584038,2.409373308,1.75952E+18
-0.05108951,2.676276684,2.367141263,1.75952E+18
-0.038194928,2.66348505,2.332142873,1.75952E+18
-0.024943154,2.650809765,2.298858767,1.75952E+18
-0.011493914,2.6391716,2.2665501,1.75952E+18
0.002611018,2.627508402,2.232257474,1.75952E+18
0.020805299,2.613654852,2.186833483,1.75952E+18
0.02978874,2.607496262,2.166472522,1.75952E+18
0.050189707,2.593840599,2.11867762,1.75952E+18
0.063721471,2.585957527,2.0918251,1.75952E+18
0.079360187,2.577007294,2.057294681,1.75952E+18
0.095480397,2.568599701,2.021214248,1.75952E+18
0.111602426,2.561276436,1.987630658,1.75952E+18
0.128291473,2.55371356,1.952616722,1.75952E+18
0.14252533,2.548144102,1.926035964,1.75952E+18
0.159747422,2.541936398,1.890747707,1.75952E+18
0.183714628,2.534411907,1.84234948,1.75952E+18
0.198850527,2.530296326,1.812918076,1.75952E+18
0.216561615,2.525755167,1.778586045,1.75952E+18
0.234744847,2.522240639,1.745979644,1.75952E+18
0.251906991,2.519310951,1.714306355,1.75952E+18
0.270206511,2.5167799,1.67960503,1.75952E+18
0.293265015,2.514550924,1.636758566,1.75952E+18
0.310778975,2.51335144,1.603553298,1.75952E+18
0.322636962,2.513008118,1.581614956,1.75952E+18
0.34450534,2.513048887,1.541090168,1.75952E+18
0.363074422,2.513540268,1.506071941,1.75952E+18
0.381611109,2.515037298,1.471738802,1.75952E+18
0.39934656,2.516920805,1.439005858,1.75952E+18
0.417650282,2.519421577,1.406288061,1.75952E+18
0.432713628,2.522230864,1.378641099,1.75952E+18
0.457983315,2.527280569,1.332754407,1.75952E+18
0.469024658,2.529868603,1.311109136,1.75952E+18
0.490078956,2.53578949,1.271579992,1.75952E+18
0.508081436,2.541137457,1.236990763,1.75952E+18
0.525268316,2.547235012,1.205322768,1.75952E+18
0.54249227,2.553811312,1.172141039,1.75952E+18
0.559490502,2.561136007,1.13943828,1.75952E+18
0.572879553,2.567381859,1.111717841,1.75952E+18
0.589808822,2.575758696,1.077276492,1.75952E+18
0.612309098,2.588203907,1.032045969,1.75952E+18
0.62480855,2.595677376,1.006125635,1.75952E+18
0.640456855,2.605753183,0.9722364,1.75952E+18
0.655731618,2.616257906,0.939817848,1.75952E+18
0.670704126,2.627296448,0.906845095,1.75952E+18
0.685213506,2.638884306,0.87355747,1.75952E+18
0.696683645,2.648302317,0.847075987,1.75952E+18
0.710533381,2.660678387,0.814211145,1.75952E+18
0.724026978,2.673359632,0.78275934,1.75952E+18
0.739682913,2.689474344,0.744558293,1.75952E+18
0.752159417,2.703081608,0.710509297,1.75952E+18
0.764283359,2.717081785,0.676601426,1.75952E+18
0.775915623,2.731754065,0.645428485,1.75952E+18
0.787013054,2.746379852,0.612951694,1.75952E+18
0.795651734,2.758658886,0.586808418,1.75952E+18
0.805790663,2.774128914,0.554151498,1.75952E+18
0.819338381,2.79662466,0.508094214,1.75952E+18
0.826404274,2.809762001,0.483284388,1.75952E+18
0.834812164,2.825884104,0.452241273,1.75952E+18
0.842825711,2.842539787,0.418711097,1.75952E+18
0.850278676,2.8594625,0.385178629,1.75952E+18
0.857318759,2.87660718,0.352372826,1.75952E+18
0.862394691,2.890681028,0.326826632,1.75952E+18
0.870641351,2.915476322,0.28186988,1.75952E+18
0.873779595,2.926310778,0.2626403,1.75952E+18
0.879343748,2.947850227,0.224156065,1.75952E+18
0.883655906,2.965954542,0.190737356,1.75952E+18
0.886829317,2.98410058,0.159857396,1.75952E+18
0.889812887,3.002179623,0.127664826,1.75952E+18
0.89210242,3.020564079,0.096638512,1.75952E+18
0.893548429,3.03568387,0.070302889,1.75952E+18
0.894803941,3.054328442,0.038096351,1.75952E+18
0.895443738,3.080163479,-0.006381613,1.75952E+18
0.89541173,3.094994545,-0.030691678,1.75952E+18
0.894838095,3.113484859,-0.063227624,1.75952E+18
0.893482149,3.131942272,-0.093926827,1.75952E+18
0.891813159,3.15071249,-0.125744299,1.75952E+18
0.889305115,3.169349194,-0.157518239,1.75952E+18
0.887274683,3.183999062,-0.182528422,1.75952E+18
0.883810461,3.202450275,-0.211579951,1.75952E+18
0.879867136,3.22049284,-0.242476111,1.75952E+18
0.874306083,3.242231131,-0.280326036,1.75952E+18
0.869075537,3.260010242,-0.312458429,1.75952E+18
0.863549531,3.277785063,-0.34407064,1.75952E+18
0.857092738,3.295239925,-0.374391247,1.75952E+18
0.850332141,3.312900305,-0.406711748,1.75952E+18
0.844385326,3.326748133,-0.430612249,1.75952E+18
0.836500943,3.343718767,-0.46415531,1.75952E+18
0.828263462,3.360243559,-0.496615648,1.75952E+18
0.817537606,3.379713774,-0.533026833,1.75952E+18
0.808018982,3.396190166,-0.564088118,1.75952E+18
0.797981858,3.4117589,-0.593834672,1.75952E+18
0.787515759,3.42741394,-0.625741436,1.75952E+18
0.776466131,3.442713737,-0.656435666,1.75952E+18
0.767306089,3.454710722,-0.681414308,1.75952E+18
0.755748212,3.469446421,-0.711761005,1.75952E+18
0.743458629,3.48354578,-0.741985927,1.75952E+18
0.728243589,3.499948025,-0.780190285,1.75952E+18
0.714911461,3.513362646,-0.810457329,1.75952E+18
0.701230526,3.526047945,-0.840963018,1.75952E+18
0.687275112,3.53856349,-0.872227848,1.75952E+18
0.672952354,3.550319195,-0.902284617,1.75952E+18
0.661252022,3.559707642,-0.927180045,1.75952E+18
0.640056729,3.57558012,-0.969841452,1.75952E+18
0.630799413,3.582043171,-0.988351456,1.75952E+18
0.6120947,3.594323397,-1.025204826,1.75952E+18
0.595907748,3.604065657,-1.056140614,1.75952E+18
0.57954812,3.613461256,-1.086687718,1.75952E+18
0.562654316,3.622117043,-1.116752344,1.75952E+18
0.545860112,3.630402803,-1.148105708,1.75952E+18
0.53209275,3.636740923,-1.173203904,1.75952E+18
0.514867783,3.643782377,-1.20303474,1.75952E+18
0.490454227,3.653377056,-1.246572414,1.75952E+18
0.475954235,3.657990694,-1.270503217,1.75952E+18
0.457936466,3.663628101,-1.301923646,1.75952E+18
0.439584285,3.668583393,-1.332637271,1.75952E+18
0.421593487,3.672879696,-1.362737337,1.75952E+18
0.4031111,3.677082062,-1.393653281,1.75952E+18
0.388217926,3.679499865,-1.416315944,1.75952E+18
0.369595379,3.682539701,-1.447685649,1.75952E+18
0.3433761,3.685635328,-1.490501096,1.75952E+18
0.328278959,3.68693471,-1.51545731,1.75952E+18
0.309399158,3.688002586,-1.544274494,1.75952E+18
0.290551454,3.68834877,-1.57473873,1.75952E+18
0.271595508,3.688295603,-1.60503291,1.75952E+18
0.252346367,3.68753314,-1.636070714,1.75952E+18
0.237331226,3.686700344,-1.661151397,1.75952E+18
0.21092701,3.684108496,-1.702604996,1.75952E+18
0.19977428,3.682566881,-1.719988544,1.75952E+18
0.177208364,3.679409981,-1.758052579,1.75952E+18
0.158560455,3.675577164,-1.789569601,1.75952E+18
0.140174836,3.671502113,-1.819426724,1.75952E+18
0.121815681,3.666939497,-1.84865355,1.75952E+18
0.103467137,3.66157341,-1.876799532,1.75952E+18
0.08904776,3.657258034,-1.900158433,1.75952E+18
0.071275793,3.650991201,-1.929979302,1.75952E+18
0.053222377,3.64432168,-1.96062237,1.75952E+18
0.032230079,3.635742426,-1.996675992,1.75952E+18
0.0150125,3.627949715,-2.025481228,1.75952E+18
-0.001928769,3.61969614,-2.054933516,1.75952E+18
-0.018961512,3.610773087,-2.085610319,1.75952E+18
-0.035783317,3.60143137,-2.115040981,1.75952E+18
-0.048744034,3.593588829,-2.138816639,1.75952E+18
-0.064734928,3.583352327,-2.168881063,1.75952E+18
-0.080406256,3.572736502,-2.198944685,1.75952E+18
-0.098704532,3.559410334,-2.236043178,1.75952E+18
-0.113827474,3.547509909,-2.266494289,1.75952E+18
-0.128416151,3.535496235,-2.296277954,1.75952E+18
-0.142664954,3.523068428,-2.32488436,1.75952E+18
-0.156537652,3.510056734,-2.353724798,1.75952E+18
-0.167535514,3.499430895,-2.377372716,1.75952E+18
-0.180732325,3.48566699,-2.405633888,1.75952E+18
-0.193466872,3.471904993,-2.435490638,1.75952E+18
-0.20837681,3.454545736,-2.471081781,1.75952E+18
-0.220052868,3.439920902,-2.499307231,1.75952E+18
-0.231390402,3.424767733,-2.528419822,1.75952E+18
-0.242462695,3.40905261,-2.55699052,1.75952E+18
-0.253067076,3.393342257,-2.586853995,1.75952E+18
-0.261262774,3.380093336,-2.610833774,1.75952E+18
-0.270639837,3.364098549,-2.637969099,1.75952E+18
-0.279786825,3.347648382,-2.666655039,1.75952E+18
-0.288428515,3.330661535,-2.695729693,1.75952E+18
-0.298369437,3.31000495,-2.730434824,1.75952E+18
-0.305425167,3.293808937,-2.756998081,1.75952E+18
-0.312622726,3.276401281,-2.785246673,1.75952E+18
-0.319303215,3.258367062,-2.812666335,1.75952E+18
-0.325601369,3.240503073,-2.843256985,1.75952E+18
-0.330538213,3.224383116,-2.867983498,1.75952E+18
-0.337728679,3.198645592,-2.910530372,1.75952E+18
-0.340381086,3.187329054,-2.9268631,1.75952E+18
-0.345137864,3.165020227,-2.960733836,1.75952E+18
-0.348679125,3.146316051,-2.988568462,1.75952E+18
-0.351557702,3.127350807,-3.016917742,1.75952E+18
-0.354098946,3.108325005,-3.047853656,1.75952E+18
-0.355471522,3.093069315,-3.070750327,1.75952E+18
-0.356726259,3.07413578,-3.099890421,1.75952E+18
-0.357624143,3.055113792,-3.128045252,1.75952E+18
-0.357930928,3.032262802,3.121347847,1.75952E+18
-0.357730985,3.013132811,3.093825397,1.75952E+18
-0.356865674,2.995226383,3.067994959,1.75952E+18
-0.355652273,2.976591349,3.039230143,1.75952E+18
-0.353888929,2.957574844,3.009898659,1.75952E+18
-0.351576507,2.939926386,2.983978549,1.75952E+18
-0.348726958,2.921055317,2.956045171,1.75952E+18
-0.345682293,2.905119658,2.931859434,1.75952E+18
-0.340197235,2.879822493,2.894094593,1.75952E+18
-0.335428298,2.861278057,2.866054933,1.75952E+18
-0.331078589,2.845680714,2.842831946,1.75952E+18
-0.325767577,2.827836752,2.815198831,1.75952E+18
-0.319525093,2.809664965,2.786379645,1.75952E+18
-0.313349187,2.792593479,2.760943473,1.75952E+18
-0.305983365,2.774575949,2.732609877,1.75952E+18
-0.296735317,2.752942324,2.700760435,1.75952E+18
-0.289007455,2.73645401,2.675695457,1.75952E+18
-0.280100435,2.718602419,2.64808716,1.75952E+18
-0.272794783,2.705061913,2.627050093,1.75952E+18
-0.263567984,2.68867898,2.599765425,1.75952E+18
-0.254059345,2.672655821,2.571696594,1.75952E+18
-0.244077593,2.657018661,2.545510289,1.75952E+18
-0.230815366,2.637357473,2.515007879,1.75952E+18
-0.224073499,2.628035545,2.499037307,1.75952E+18
-0.212780654,2.612810612,2.470531297,1.75952E+18
-0.196131274,2.592163324,2.43318902,1.75952E+18
-0.186310723,2.580417395,2.411957007,1.75952E+18
-0.173551098,2.566161156,2.385023741,1.75952E+18
-0.160574958,2.552353382,2.358322729,1.75952E+18
-0.147164956,2.538735151,2.331919611,1.75952E+18
-0.134572282,2.526785135,2.308584196,1.75952E+18
-0.114833117,2.50873518,2.271158424,1.75952E+18
-0.103169292,2.498853922,2.249118539,1.75952E+18
-0.088245884,2.486682892,2.221807492,1.75952E+18
-0.072910897,2.475014925,2.194306542,1.75952E+18
-0.057266533,2.463774204,2.166415284,1.75952E+18
-0.041484471,2.452999115,2.138735438,1.75952E+18
-0.028574187,2.444854259,2.116465592,1.75952E+18
-0.012175813,2.43462348,2.088710514,1.75952E+18
0.004687252,2.425246954,2.061556832,1.75952E+18
0.02515007,2.414220333,2.027143658,1.75952E+18
0.042207714,2.405765295,2.000428621,1.75952E+18
0.059804853,2.397568941,1.973616768,1.75952E+18
0.077573039,2.389955282,1.947136241,1.75952E+18
0.095665455,2.382722378,1.91797291,1.75952E+18
0.110182159,2.377417088,1.895689078,1.75952E+18
0.135908008,2.369010925,1.857535931,1.75952E+18
0.154480711,2.363410473,1.829259946,1.75952E+18
0.1693995,2.35970974,1.808022525,1.75952E+18
0.188034371,2.355052233,1.779929339,1.75952E+18
0.207219943,2.351145506,1.753373506,1.75952E+18
0.225937068,2.347615004,1.724940237,1.75952E+18
0.24515523,2.344466448,1.696481607,1.75952E+18
0.260304779,2.342611551,1.675847059,1.75952E+18
0.27948609,2.340425491,1.649598208,1.75952E+18
0.306595832,2.338297844,1.61119237,1.75952E+18
0.31802094,2.337709665,1.596362393,1.75952E+18
0.341352195,2.337175131,1.562988399,1.75952E+18
0.360559821,2.337314367,1.537143997,1.75952E+18
0.37963599,2.337850571,1.511507031,1.75952E+18
0.397118181,2.33902359,1.48672868,1.75952E+18
0.414591372,2.340318441,1.461246681,1.75952E+18
0.433514357,2.342586279,1.43549179,1.75952E+18
0.452510953,2.345099926,1.407783682,1.75952E+18
0.476366132,2.349238396,1.375538536,1.75952E+18
0.494966775,2.352361441,1.347113195,1.75952E+18
0.513104081,2.357076406,1.322177073,1.75952E+18
0.532070696,2.361664295,1.293647648,1.75952E+18
0.549116731,2.366647243,1.272065532,1.75952E+18
0.565637589,2.371680498,1.249130269,1.75952E+18
0.58389163,2.377711058,1.223102426,1.75952E+18
0.607590377,2.386446238,1.18923628,1.75952E+18
0.620379865,2.391321182,1.170459872,1.75952E+18
0.641810358,2.400794744,1.139836872,1.75952E+18
0.659303248,2.408665419,1.112514695,1.75952E+18
0.676502109,2.417143822,1.08647149,1.75952E+18
0.692370772,2.425512552,1.062811024,1.75952E+18
0.707369864,2.433664322,1.039139978,1.75952E+18
0.723897696,2.443547726,1.012216116,1.75952E+18
0.740521312,2.453700542,0.984998202,1.75952E+18
0.75959146,2.466508865,0.953957392,1.75952E+18
0.775417626,2.477640152,0.927513575,1.75952E+18
0.791112006,2.489309311,0.901870664,1.75952E+18
0.806609631,2.501455545,0.877322286,1.75952E+18
0.820307374,2.512860775,0.854319169,1.75952E+18
0.833288014,2.524039984,0.830855307,1.75952E+18
0.847613811,2.537074327,0.805101651,1.75952E+18
0.865751147,2.554508209,0.770059378,1.75952E+18
0.875146031,2.564068794,0.750964103,1.75952E+18
0.891098499,2.581218243,0.719840468,1.75952E+18
0.904096365,2.595831633,0.694108815,1.75952E+18
0.91644448,2.610721111,0.668970613,1.75952E+18
0.927339315,2.624433994,0.645137106,1.75952E+18
0.937803268,2.638237238,0.622063271,1.75952E+18
0.94914335,2.653923273,0.596704258,1.75952E+18
0.960150719,2.670125246,0.569991612,1.75952E+18
0.970716953,2.686326504,0.543320623,1.75952E+18
0.98270756,2.706438065,0.514560086,1.75952E+18
0.992240548,2.7234025,0.487943127,1.75952E+18
1.001562357,2.740838528,0.461488423,1.75952E+18
1.009439349,2.756667614,0.438683737,1.75952E+18
1.016782045,2.771972895,0.415997674,1.75952E+18
1.024516225,2.78953433,0.39059157,1.75952E+18
1.034301877,2.813215494,0.356399234,1.75952E+18
1.038952351,2.825545788,0.338325954,1.75952E+18
1.046723247,2.847793102,0.307499033,1.75952E+18
1.052588344,2.866571665,0.283435894,1.75952E+18
1.05802536,2.885258436,0.257630039,1.75952E+18
1.06294167,2.902923346,0.233454925,1.75952E+18
1.066681504,2.919209719,0.211268219,1.75952E+18
1.070951939,2.938071251,0.184781168,1.75952E+18
1.074507475,2.957391739,0.159905353,1.75952E+18
1.07780695,2.976537228,0.133874719,1.75952E+18
1.080727816,2.999387503,0.104491992,1.75952E+18
1.0828861,3.018768072,0.077909866,1.75952E+18
1.084394932,3.038401604,0.052040303,1.75952E+18
1.085321784,3.056749582,0.028984153,1.75952E+18
1.085942268,3.073423624,0.006581752,1.75952E+18
1.086067796,3.092554808,-0.018821648,1.75952E+18
1.085581303,3.118782043,-0.0524179,1.75952E+18
1.084769368,3.135453224,-0.073748306,1.75952E+18
1.083464384,3.154966593,-0.099599054,1.75952E+18
1.081532598,3.173989296,-0.125016776,1.75952E+18
1.079424024,3.192093372,-0.147476378,1.75952E+18
1.076658607,3.211276054,-0.169911397,1.75952E+18
1.073809862,3.22792244,-0.191719801,1.75952E+18
1.068693399,3.253484249,-0.22683665,1.75952E+18
1.065842628,3.265908003,-0.244235015,1.75952E+18
1.060198426,3.288884163,-0.274063237,1.75952E+18
1.054818511,3.307663202,-0.296713393,1.75952E+18
1.049270034,3.326059103,-0.321009779,1.75952E+18
1.043464065,3.343243837,-0.345875889,1.75952E+18
1.036963701,3.361602306,-0.370547757,1.75952E+18
1.027971625,3.384440184,-0.400444596,1.75952E+18
1.023447394,3.395395279,-0.414472619,1.75952E+18
1.015678763,3.413132191,-0.437752554,1.75952E+18
1.007727981,3.430209637,-0.461995892,1.75952E+18
0.996762276,3.452022314,-0.492887725,1.75952E+18
0.987719834,3.469186068,-0.518271585,1.75952E+18
0.978525341,3.485291243,-0.540606914,1.75952E+18
0.968597531,3.501881838,-0.56445721,1.75952E+18
0.959892929,3.515774012,-0.584946703,1.75952E+18
0.9450109,3.537894249,-0.618790484,1.75952E+18
0.937924147,3.54807806,-0.634474371,1.75952E+18
0.923822582,3.567050219,-0.664115888,1.75952E+18
0.911960781,3.582270622,-0.687418887,1.75952E+18
0.899693251,3.597292185,-0.711520556,1.75952E+18
0.887501895,3.611501932,-0.736039792,1.75952E+18
0.874392629,3.625926256,-0.76060335,1.75952E+18
0.863073051,3.637860537,-0.780477601,1.75952E+18
0.844318986,3.656722069,-0.810926542,1.75952E+18
0.830227137,3.670235395,-0.834787505,1.75952E+18
0.817847729,3.681564569,-0.855776351,1.75952E+18
0.803185463,3.694271088,-0.880321236,1.75952E+18
0.788248122,3.706861258,-0.90589724,1.75952E+18
0.773573995,3.71846056,-0.929390117,1.75952E+18
0.757916927,3.730127096,-0.953534017,1.75952E+18
0.744448721,3.739672422,-0.973426125,1.75952E+18
0.728266716,3.750688553,-0.997705393,1.75952E+18
0.711731195,3.761349201,-1.021978744,1.75952E+18
0.691829383,3.773614883,-1.051016982,1.75952E+18
0.675232053,3.78324604,-1.074642644,1.75952E+18
0.657885551,3.792719841,-1.099032544,1.75952E+18
0.641408801,3.80124259,-1.120711487,1.75952E+18
0.623753309,3.809756041,-1.143320367,1.75952E+18
0.608407736,3.816920042,-1.163901277,1.75952E+18
0.590406537,3.824433088,-1.186489046,1.75952E+18
0.565851629,3.834368229,-1.21963013,1.75952E+18
0.550458014,3.839871407,-1.239515554,1.75952E+18
0.532170773,3.846158743,-1.264448303,1.75952E+18
0.513365209,3.852271795,-1.288353814,1.75952E+18
0.49539721,3.857438564,-1.309576915,1.75952E+18
0.476409376,3.86255312,-1.331538591,1.75952E+18
0.460493475,3.866401196,-1.350326228,1.75952E+18
0.441096753,3.870809078,-1.374594844,1.75952E+18
0.415137768,3.875833988,-1.405965985,1.75952E+18
0.398867488,3.878646612,-1.425989287,1.75952E+18
0.38415131,3.880764961,-1.443593893,1.75952E+18
0.360110581,3.883916855,-1.472805905,1.75952E+18
0.341103166,3.885483742,-1.494105508,1.75952E+18
0.321340024,3.887143612,-1.517209214,1.75952E+18
0.305675268,3.888053656,-1.534645004,1.75952E+18
0.286039472,3.88868928,-1.557342691,1.75952E+18
0.266615272,3.888988256,-1.580208767,1.75952E+18
0.243259564,3.888747215,-1.606958138,1.75952E+18
0.223446921,3.888085365,-1.630553239,1.75952E+18
0.204127654,3.886847496,-1.654490938,1.75952E+18
0.184681281,3.885117054,-1.678517808,1.75952E+18
0.165491506,3.88314867,-1.700798517,1.75952E+18
0.149779022,3.881273985,-1.718832458,1.75952E+18
0.130349457,3.878304958,-1.740019784,1.75952E+18
0.103172205,3.873612165,-1.770991582,1.75952E+18
0.087988846,3.870396376,-1.788661445,1.75952E+18
0.068507731,3.866236448,-1.811277423,1.75952E+18
0.04974192,3.861523867,-1.83325962,1.75952E+18
0.030779984,3.856380939,-1.855963265,1.75952E+18
0.012084333,3.850903749,-1.878669928,1.75952E+18
-0.002829324,3.846191883,-1.897138551,1.75952E+18
-0.021093607,3.840121746,-1.92030043,1.75952E+18
-0.039146513,3.833374977,-1.942770684,1.75952E+18
-0.060997676,3.82486701,-1.969006303,1.75952E+18
-0.079278603,3.817173481,-1.991574509,1.75952E+18
-0.097364783,3.809127569,-2.012752533,1.75952E+18
-0.114968516,3.800733805,-2.034338738,1.75952E+18
-0.132543117,3.791936636,-2.056073181,1.75952E+18
-0.146389529,3.784604788,-2.074073726,1.75952E+18
-0.163827926,3.77512002,-2.096583327,1.75952E+18
-0.180920392,3.765055418,-2.118049154,1.75952E+18
-0.200745583,3.752845764,-2.144792357,1.75952E+18
-0.217378572,3.742109537,-2.167389943,1.75952E+18
-0.233475775,3.731202841,-2.1895389,1.75952E+18
-0.249411076,3.719841242,-2.211348096,1.75952E+18
-0.265110672,3.708221197,-2.235770174,1.75952E+18
-0.277555436,3.698644638,-2.254130803,1.75952E+18
-0.292635113,3.686322212,-2.277449136,1.75952E+18
-0.313498676,3.668215752,-2.306825411,1.75952E+18
-0.325098455,3.657692909,-2.324744213,1.75952E+18
-0.339777797,3.644118786,-2.348097256,1.75952E+18
-0.353190869,3.630497932,-2.368873012,1.75952E+18
-0.36713627,3.616409063,-2.390699399,1.75952E+18
-0.38038063,3.601879597,-2.410581547,1.75952E+18
-0.390918761,3.590157986,-2.428061218,1.75952E+18
-0.404065281,3.575186014,-2.450273887,1.75952E+18
-0.416523993,3.560179472,-2.473345358,1.75952E+18
-0.431148827,3.541481733,-2.500117194,1.75952E+18
-0.443139732,3.525420427,-2.522150112,1.75952E+18
-0.454394072,3.509601116,-2.541990152,1.75952E+18
-0.46569708,3.493189335,-2.562858521,1.75952E+18
-0.476423055,3.4765203,-2.584279313,1.75952E+18
-0.484799206,3.463178158,-2.602334889,1.75952E+18
-0.495121419,3.446110725,-2.623780104,1.75952E+18
-0.504517078,3.429206848,-2.644390153,1.75952E+18
-0.515638769,3.408581972,-2.669411402,1.75952E+18
-0.524682283,3.390657425,-2.691504709,1.75952E+18
-0.533325076,3.372854233,-2.712512719,1.75952E+18
-0.541412711,3.354892254,-2.734331738,1.75952E+18
-0.549278438,3.336892843,-2.756366106,1.75952E+18
-0.555021763,3.322357893,-2.772531977,1.75952E+18
-0.562243581,3.303925514,-2.794062977,1.75952E+18
-0.568922758,3.285399199,-2.815220245,1.75952E+18
-0.576680899,3.262742758,-2.841263213,1.75952E+18
-0.582583427,3.243797779,-2.862311783,1.75952E+18
-0.587983251,3.22500062,-2.883248495,1.75952E+18
-0.592983902,3.205737829,-2.904684948,1.75952E+18
-0.597848535,3.186688185,-2.928016904,1.75952E+18
-0.601074994,3.17109704,-2.945901836,1.75952E+18
-0.605000019,3.151591301,-2.968386751,1.75952E+18
-0.608377814,3.131954908,-2.990420292,1.75952E+18
-0.611726284,3.108628511,-3.01540704,1.75952E+18
-0.614330113,3.089216471,-3.037796028,1.75952E+18
-0.616306603,3.069519043,-3.061095803,1.75952E+18
-0.617929578,3.049793482,-3.083985557,1.75952E+18
-0.619092524,3.030382872,-3.106021514,1.75952E+18
-0.619712591,3.014472961,-3.123171159,1.75952E+18
-0.620029032,2.994690895,3.139514189,1.75952E+18
-0.620096326,2.974856377,3.11673583,1.75952E+18
-0.619217455,2.951315641,3.09031464,1.75952E+18
-0.618343771,2.93163991,3.066770045,1.75952E+18
-0.616757572,2.912015676,3.045186036,1.75952E+18
-0.614920974,2.892550707,3.023522721,1.75952E+18
-0.612592161,2.872943401,2.999918552,1.75952E+18
-0.610290289,2.857150555,2.981376745,1.75952E+18
-0.607237875,2.837345839,2.958866473,1.75952E+18
-0.603599012,2.818011284,2.936778508,1.75952E+18
-0.598753452,2.794815779,2.910530796,1.75952E+18
-0.594299674,2.775472403,2.887355345,1.75952E+18
-0.589275181,2.756147861,2.866094446,1.75952E+18
-0.584029198,2.737268925,2.844406556,1.75952E+18
-0.578132749,2.718185663,2.822260584,1.75952E+18
-0.573159218,2.703335047,2.805254473,1.75952E+18
-0.566692591,2.684526682,2.782873563,1.75952E+18
-0.559703171,2.66610384,2.760997782,1.75952E+18
-0.550867796,2.644001007,2.732945026,1.75952E+18
-0.54274708,2.625796795,2.710440187,1.75952E+18
-0.53458482,2.607843161,2.688626287,1.75952E+18
-0.526519656,2.591455221,2.668633469,1.75952E+18
-0.518800914,2.576245785,2.649942883,1.75952E+18
-0.511672795,2.562774658,2.632948563,1.75952E+18
-0.501864076,2.545574903,2.615115699,1.75952E+18
-0.491632134,2.527673483,2.597799841,1.75952E+18
-0.47925964,2.507487774,2.576152857,1.75952E+18
-0.468949705,2.491096258,2.554705905,1.75952E+18
-0.45818153,2.47461462,2.532055343,1.75952E+18
-0.446755707,2.458221912,2.50866594,1.75952E+18
-0.43524617,2.442695618,2.487745373,1.75952E+18
-0.426948339,2.431761026,2.471220434,1.75952E+18
-0.417359382,2.419647932,2.453829851,1.75952E+18
-0.406061172,2.405939817,2.433732998,1.75952E+18
-0.390792012,2.388248205,2.413124146,1.75952E+18
-0.376925915,2.372724771,2.393702958,1.75952E+18
-0.363174498,2.358086109,2.373110251,1.75952E+18
-0.349628985,2.344058514,2.352375541,1.75952E+18
-0.335891932,2.330433369,2.331922503,1.75952E+18
-0.324625671,2.319673061,2.312903709,1.75952E+18
-0.309703529,2.305995703,2.289932125,1.75952E+18
-0.294823825,2.293141603,2.270017869,1.75952E+18
-0.279598624,2.280202389,2.248761978,1.75952E+18
-0.260933667,2.265447378,2.223658768,1.75952E+18
-0.245348409,2.253548861,2.201417123,1.75952E+18
-0.229352489,2.242016077,2.179450348,1.75952E+18
-0.212986037,2.230499506,2.155973034,1.75952E+18
-0.199930236,2.221892357,2.138563397,1.75952E+18
-0.183145747,2.211184025,2.116849466,1.75952E+18
-0.166112259,2.200843334,2.095712046,1.75952E+18
-0.1489162,2.190830469,2.074480247,1.75952E+18
-0.127581716,2.179208994,2.048683715,1.75952E+18
-0.109825179,2.169984102,2.026140549,1.75952E+18
-0.092070721,2.161279917,2.004050621,1.75952E+18
-0.074140146,2.153095484,1.98314654,1.75952E+18
-0.059780091,2.146517515,1.96503585,1.75952E+18
-0.041199457,2.139055729,1.943319585,1.75952E+18
-0.02257945,2.131757736,1.922394168,1.75952E+18
-0.000263976,2.123621225,1.896644627,1.75952E+18
0.018759688,2.117305517,1.876539938,1.75952E+18
0.037872646,2.111464739,1.855494854,1.75952E+18
0.057196129,2.105919361,1.834225806,1.75952E+18
0.076633573,2.100740671,1.813283593,1.75952E+18
0.092314743,2.096711874,1.795796014,1.75952E+18
0.111645743,2.092657804,1.776787349,1.75952E+18
0.129547939,2.088825464,1.757156839,1.75952E+18
0.148971647,2.085266829,1.736264366,1.75952E+18
0.174295396,2.081120014,1.708163765,1.75952E+18
0.194045752,2.078429937,1.687302054,1.75952E+18
0.2139543,2.076187372,1.665013426,1.75952E+18
0.233678415,2.074196577,1.643736851,1.75952E+18
0.249578387,2.073147297,1.62768072,1.75952E+18
0.269516766,2.071939707,1.605430962,1.75952E+18
0.289377242,2.071342707,1.583589133,1.75952E+18
0.313439012,2.071117163,1.557867964,1.75952E+18
0.333256036,2.07136488,1.538712384,1.75952E+18
0.353512943,2.072105646,1.518846577,1.75952E+18
0.373479664,2.073179483,1.498063047,1.75952E+18
0.393502772,2.074560165,1.476308462,1.75952E+18
0.409119695,2.076286077,1.459728785,1.75952E+18
0.429024637,2.078370333,1.437629043,1.75952E+18
0.45685786,2.082436562,1.409837981,1.75952E+18
0.468802005,2.084287167,1.396982905,1.75952E+18
0.493641227,2.088804245,1.367963322,1.75952E+18
0.510562301,2.092279911,1.35040326,1.75952E+18
0.52992624,2.096549749,1.329859228,1.75952E+18
0.549390078,2.101307869,1.311610241,1.75952E+18
0.567334116,2.106163502,1.294159837,1.75952E+18
0.586218894,2.111358643,1.271420752,1.75952E+18
0.609647214,2.118706942,1.244791548,1.75952E+18
0.620860696,2.122409344,1.232427254,1.75952E+18
0.646811843,2.131945372,1.204029911,1.75952E+18
0.662156701,2.137769938,1.186779674,1.75952E+18
0.681985021,2.145875692,1.164348911,1.75952E+18
0.700454891,2.153921843,1.143863276,1.75952E+18
0.714990973,2.160562038,1.127038163,1.75952E+18
0.733184874,2.169275761,1.105904566,1.75952E+18
0.758107603,2.182008982,1.077695638,1.75952E+18
0.768756688,2.187658787,1.065783081,1.75952E+18
0.789926708,2.199420452,1.039975458,1.75952E+18
0.807314336,2.209682226,1.01909856,1.75952E+18
0.824405432,2.220192909,0.998553604,1.75952E+18
0.841129065,2.231020212,0.977471809,1.75952E+18
0.854422688,2.239750624,0.960467803,1.75952E+18
0.87074244,2.251427889,0.939861705,1.75952E+18
0.893514931,2.268148899,0.91124468,1.75952E+18
0.903069794,2.275421858,0.898281947,1.75952E+18
0.921791613,2.290448904,0.874149765,1.75952E+18
0.937124729,2.303306103,0.85331454,1.75952E+18
0.9522596,2.316602707,0.832257573,1.75952E+18
0.967078388,2.330074787,0.809501725,1.75952E+18
0.978847742,2.341279984,0.794259299,1.75952E+18
0.993365943,2.355719805,0.77438446,1.75952E+18
1.007289767,2.369988203,0.754635335,1.75952E+18
1.021001577,2.384667873,0.736338371,1.75952E+18
1.037254453,2.402623653,0.711330477,1.75952E+18
1.050259709,2.417958975,0.69046795,1.75952E+18
1.062997222,2.433187962,0.668273007,1.75952E+18
1.075187325,2.448830366,0.646273237,1.75952E+18
1.084904432,2.461526632,0.629984216,1.75952E+18
1.096642852,2.477897406,0.611350287,1.75952E+18
1.112785816,2.501006126,0.582475317,1.75952E+18
1.119414687,2.511079788,0.570382123,1.75952E+18
1.132188082,2.531155348,0.545850492,1.75952E+18
1.142644525,2.548197746,0.526142716,1.75952E+18
1.152753353,2.565672636,0.50587056,1.75952E+18
1.162719965,2.583654642,0.484821462,1.75952E+18
1.170087576,2.597792387,0.469147917,1.75952E+18
1.179135203,2.615553617,0.447729915,1.75952E+18
1.19102788,2.640767097,0.419584526,1.75952E+18
1.195937872,2.651776075,0.40835265,1.75952E+18
1.205405593,2.674123287,0.38386343,1.75952E+18
1.21317184,2.693111658,0.363137337,1.75952E+18
1.220083475,2.711791754,0.342998948,1.75952E+18
1.226337552,2.728827953,0.324215007,1.75952E+18
1.231868625,2.74546814,0.305638978,1.75952E+18
1.237931013,2.764673471,0.284548927,1.75952E+18
1.24531281,2.790024042,0.258252616,1.75952E+18
1.249007106,2.803809166,0.24524395,1.75952E+18
1.254629016,2.827296495,0.222729438,1.75952E+18
1.259270906,2.846933603,0.202403518,1.75952E+18
1.26317203,2.866625071,0.182287073,1.75952E+18
1.266575813,2.884611607,0.163017388,1.75952E+18
1.269326091,2.901721478,0.144324148,1.75952E+18
1.272181273,2.9214921,0.122741071,1.75952E+18
1.274594426,2.941395998,0.104086868,1.75952E+18
1.276757836,2.961458683,0.085099257,1.75952E+18
1.278662682,2.985416174,0.062019143,1.75952E+18
1.279979825,3.005635738,0.041134305,1.75952E+18
1.280781865,3.025463104,0.020864247,1.75952E+18
1.28115499,3.044023991,0.00419088,1.75952E+18
1.281181812,3.061304808,-0.011170305,1.75952E+18
1.28097713,3.081400394,-0.029311747,1.75952E+18
1.279972434,3.108466864,-0.054071828,1.75952E+18
1.279410362,3.121533871,-0.067707678,1.75952E+18
1.277674079,3.145233631,-0.091893512,1.75952E+18
1.275798798,3.165066242,-0.111226914,1.75952E+18
1.273602366,3.184890747,-0.130497071,1.75952E+18
1.271119952,3.203365088,-0.14899772,1.75952E+18
1.268530965,3.22074914,-0.16571767,1.75952E+18
1.26499176,3.240770578,-0.184468513,1.75952E+18
1.261219382,3.260566235,-0.203760887,1.75952E+18
1.257297754,3.279888153,-0.222963481,1.75952E+18
1.251934052,3.303198099,-0.246412448,1.75952E+18
1.246892929,3.322520733,-0.265415158,1.75952E+18
1.241626859,3.342205524,-0.284407163,1.75952E+18
1.236219406,3.359875679,-0.301038043,1.75952E+18
1.231266737,3.37639904,-0.318038372,1.75952E+18
1.224853039,3.395331621,-0.337280799,1.75952E+18
1.218244672,3.414249659,-0.358447045,1.75952E+18
1.211184859,3.433045626,-0.379616762,1.75952E+18
1.202088475,3.455462694,-0.401325546,1.75952E+18
1.194356918,3.473822832,-0.418800727,1.75952E+18
1.186100721,3.492278337,-0.436535893,1.75952E+18
1.178661704,3.508990526,-0.455459282,1.75952E+18
1.170512438,3.524539232,-0.472895247,1.75952E+18
1.161270261,3.542455196,-0.492377328,1.75952E+18
1.151970983,3.560277939,-0.510655507,1.75952E+18
1.142042518,3.577866077,-0.528964532,1.75952E+18
1.129753947,3.598705292,-0.551470332,1.75952E+18
1.119217634,3.615809679,-0.572075235,1.75952E+18
1.108317733,3.633031368,-0.592944039,1.75952E+18
1.097509265,3.648570776,-0.611977278,1.75952E+18
1.087938309,3.662573338,-0.630410264,1.75952E+18
1.076135874,3.678821564,-0.648621174,1.75952E+18
1.059557676,3.70039463,-0.675707229,1.75952E+18
1.051223755,3.710741758,-0.690325985,1.75952E+18
1.0354321,3.72949481,-0.715971632,1.75952E+18
1.022040248,3.74467659,-0.735778127,1.75952E+18
1.008390427,3.759562969,-0.754553087,1.75952E+18
